"id","fulfillmentSite","storeName","shoppingCenter","address","phoneNumber","geoLocation","timezone","storeType","isInventoryExposedOnline","isBopisEnabled","isCurbsidePickupEnabled","storePickupLocationName","storeHours","distanceInMiles"
1190,"1190","Brookfield Retail Store","The Corners Of Brookfield","{""addressLine1"":""20200 Union Street"",""city"":""Brookfield"",""jurisdictionCode"":""WI"",""postalCode"":""53045""}","1-888-534-5812","{""latitude"":43.035436,""longitude"":-88.163882}","America/Chicago","Retail",true,true,true,"The Corners Of Brookfield","[{""calendarDate"":""2022-10-20"",""dayOfWeek"":""Thursday"",""openTime"":""10:00"",""closeTime"":""20:00"",""totalOpenHours"":10},{""calendarDate"":""2022-10-21"",""dayOfWeek"":""Friday"",""openTime"":""10:00"",""closeTime"":""20:00"",""totalOpenHours"":10},{""calendarDate"":""2022-10-22"",""dayOfWeek"":""Saturday"",""openTime"":""10:00"",""closeTime"":""20:00"",""totalOpenHours"":10},{""calendarDate"":""2022-10-23"",""dayOfWeek"":""Sunday"",""openTime"":""11:00"",""closeTime"":""18:00"",""totalOpenHours"":7},{""calendarDate"":""2022-10-24"",""dayOfWeek"":""Monday"",""openTime"":""10:00"",""closeTime"":""20:00"",""totalOpenHours"":10},{""calendarDate"":""2022-10-25"",""dayOfWeek"":""Tuesday"",""openTime"":""10:00"",""closeTime"":""20:00"",""totalOpenHours"":10},{""calendarDate"":""2022-10-26"",""dayOfWeek"":""Wednesday"",""openTime"":""10:00"",""closeTime"":""20:00"",""totalOpenHours"":10}]",26.71
1370,"1370","Hilldale Retail Store","Hilldale Shopping Center","{""addressLine1"":""434 N. Midvale Blvd"",""city"":""Madison"",""jurisdictionCode"":""WI"",""postalCode"":""53705""}","1-888-615-9976","{""latitude"":43.07185263,""longitude"":-89.453067}","America/Chicago","Retail",true,true,true,"Hilldale Shopping Center","[{""calendarDate"":""2022-10-20"",""dayOfWeek"":""Thursday"",""openTime"":""10:00"",""closeTime"":""20:00"",""totalOpenHours"":10},{""calendarDate"":""2022-10-21"",""dayOfWeek"":""Friday"",""openTime"":""10:00"",""closeTime"":""20:00"",""totalOpenHours"":10},{""calendarDate"":""2022-10-22"",""dayOfWeek"":""Saturday"",""openTime"":""10:00"",""closeTime"":""20:00"",""totalOpenHours"":10},{""calendarDate"":""2022-10-23"",""dayOfWeek"":""Sunday"",""openTime"":""11:00"",""closeTime"":""18:00"",""totalOpenHours"":7},{""calendarDate"":""2022-10-24"",""dayOfWeek"":""Monday"",""openTime"":""10:00"",""closeTime"":""20:00"",""totalOpenHours"":10},{""calendarDate"":""2022-10-25"",""dayOfWeek"":""Tuesday"",""openTime"":""10:00"",""closeTime"":""20:00"",""totalOpenHours"":10},{""calendarDate"":""2022-10-26"",""dayOfWeek"":""Wednesday"",""openTime"":""10:00"",""closeTime"":""20:00"",""totalOpenHours"":10}]",68.29
790,"0790","South Barrington Retail Store","The Arboretum Of South Barrington","{""addressLine1"":""100 West Higgins Road"",""city"":""South Barrington"",""jurisdictionCode"":""IL"",""postalCode"":""60010""}","1-888-552-5548","{""latitude"":42.07477565,""longitude"":-88.185193}","America/Chicago","Retail",true,true,true,"The Arboretum Of South Barrington","[{""calendarDate"":""2022-10-20"",""dayOfWeek"":""Thursday"",""openTime"":""10:00"",""closeTime"":""19:00"",""totalOpenHours"":9},{""calendarDate"":""2022-10-21"",""dayOfWeek"":""Friday"",""openTime"":""10:00"",""closeTime"":""19:00"",""totalOpenHours"":9},{""calendarDate"":""2022-10-22"",""dayOfWeek"":""Saturday"",""openTime"":""10:00"",""closeTime"":""19:00"",""totalOpenHours"":9},{""calendarDate"":""2022-10-23"",""dayOfWeek"":""Sunday"",""openTime"":""11:00"",""closeTime"":""18:00"",""totalOpenHours"":7},{""calendarDate"":""2022-10-24"",""dayOfWeek"":""Monday"",""openTime"":""10:00"",""closeTime"":""19:00"",""totalOpenHours"":9},{""calendarDate"":""2022-10-25"",""dayOfWeek"":""Tuesday"",""openTime"":""10:00"",""closeTime"":""19:00"",""totalOpenHours"":9},{""calendarDate"":""2022-10-26"",""dayOfWeek"":""Wednesday"",""openTime"":""10:00"",""closeTime"":""19:00"",""totalOpenHours"":9}]",93.13
780,"0780","Old Orchard Retail Store","Old Orchard Center","{""addressLine1"":""4999 Old Orchard Center"",""city"":""Skokie"",""jurisdictionCode"":""IL"",""postalCode"":""60077""}","1-888-552-5564","{""latitude"":42.0607916,""longitude"":-87.7480908}","America/Chicago","Retail",true,true,true,"Old Orchard Center","[{""calendarDate"":""2022-10-20"",""dayOfWeek"":""Thursday"",""openTime"":""10:00"",""closeTime"":""20:00"",""totalOpenHours"":10},{""calendarDate"":""2022-10-21"",""dayOfWeek"":""Friday"",""openTime"":""10:00"",""closeTime"":""20:00"",""totalOpenHours"":10},{""calendarDate"":""2022-10-22"",""dayOfWeek"":""Saturday"",""openTime"":""10:00"",""closeTime"":""20:00"",""totalOpenHours"":10},{""calendarDate"":""2022-10-23"",""dayOfWeek"":""Sunday"",""openTime"":""11:00"",""closeTime"":""18:00"",""totalOpenHours"":7},{""calendarDate"":""2022-10-24"",""dayOfWeek"":""Monday"",""openTime"":""10:00"",""closeTime"":""20:00"",""totalOpenHours"":10},{""calendarDate"":""2022-10-25"",""dayOfWeek"":""Tuesday"",""openTime"":""10:00"",""closeTime"":""20:00"",""totalOpenHours"":10},{""calendarDate"":""2022-10-26"",""dayOfWeek"":""Wednesday"",""openTime"":""10:00"",""closeTime"":""20:00"",""totalOpenHours"":10}]",96.69
1350,"1350","Oakbrook Retail Store","Oakbrook Center","{""addressLine1"":""2202 Oakbrook Center"",""city"":""Oak Brook"",""jurisdictionCode"":""IL"",""postalCode"":""60523""}","1-888-298-4270","{""latitude"":41.851651,""longitude"":-87.954382}","America/Chicago","Retail",true,true,true,"Oakbrook Center","[{""calendarDate"":""2022-10-20"",""dayOfWeek"":""Thursday"",""openTime"":""10:00"",""closeTime"":""20:00"",""totalOpenHours"":10},{""calendarDate"":""2022-10-21"",""dayOfWeek"":""Friday"",""openTime"":""10:00"",""closeTime"":""20:00"",""totalOpenHours"":10},{""calendarDate"":""2022-10-22"",""dayOfWeek"":""Saturday"",""openTime"":""10:00"",""closeTime"":""20:00"",""totalOpenHours"":10},{""calendarDate"":""2022-10-23"",""dayOfWeek"":""Sunday"",""openTime"":""11:00"",""closeTime"":""18:00"",""totalOpenHours"":7},{""calendarDate"":""2022-10-24"",""dayOfWeek"":""Monday"",""openTime"":""10:00"",""closeTime"":""20:00"",""totalOpenHours"":10},{""calendarDate"":""2022-10-25"",""dayOfWeek"":""Tuesday"",""openTime"":""10:00"",""closeTime"":""20:00"",""totalOpenHours"":10},{""calendarDate"":""2022-10-26"",""dayOfWeek"":""Wednesday"",""openTime"":""10:00"",""closeTime"":""20:00"",""totalOpenHours"":10}]",109.2
990,"0990","Mall of America Retail Store","Mall Of America","{""addressLine1"":""100 South Ave"",""city"":""Bloomington"",""jurisdictionCode"":""MN"",""postalCode"":""55425""}","1-888-615-9974","{""latitude"":44.85334404,""longitude"":-93.23972273}","America/Chicago","Retail",true,true,true,"Mall Of America","[{""calendarDate"":""2022-10-20"",""dayOfWeek"":""Thursday"",""openTime"":""10:00"",""closeTime"":""20:00"",""totalOpenHours"":10},{""calendarDate"":""2022-10-21"",""dayOfWeek"":""Friday"",""openTime"":""10:00"",""closeTime"":""21:00"",""totalOpenHours"":11},{""calendarDate"":""2022-10-22"",""dayOfWeek"":""Saturday"",""openTime"":""10:00"",""closeTime"":""21:00"",""totalOpenHours"":11},{""calendarDate"":""2022-10-23"",""dayOfWeek"":""Sunday"",""openTime"":""10:30"",""closeTime"":""19:00"",""totalOpenHours"":8.5},{""calendarDate"":""2022-10-24"",""dayOfWeek"":""Monday"",""openTime"":""10:00"",""closeTime"":""20:00"",""totalOpenHours"":10},{""calendarDate"":""2022-10-25"",""dayOfWeek"":""Tuesday"",""openTime"":""10:00"",""closeTime"":""20:00"",""totalOpenHours"":10},{""calendarDate"":""2022-10-26"",""dayOfWeek"":""Wednesday"",""openTime"":""10:00"",""closeTime"":""20:00"",""totalOpenHours"":10}]",269.69
1180,"1180","Partridge Creek Retail Store","The Mall At Partridge Creek","{""addressLine1"":""17420 Hall Rd"",""city"":""Clinton Township"",""jurisdictionCode"":""MI"",""postalCode"":""48038""}","1-888-534-5796","{""latitude"":42.625782,""longitude"":-82.946465}","America/New_York","Retail",true,true,true,"The Mall At Partridge Creek","[{""calendarDate"":""2022-10-20"",""dayOfWeek"":""Thursday"",""openTime"":""10:00"",""closeTime"":""20:00"",""totalOpenHours"":10},{""calendarDate"":""2022-10-21"",""dayOfWeek"":""Friday"",""openTime"":""10:00"",""closeTime"":""20:00"",""totalOpenHours"":10},{""calendarDate"":""2022-10-22"",""dayOfWeek"":""Saturday"",""openTime"":""10:00"",""closeTime"":""20:00"",""totalOpenHours"":10},{""calendarDate"":""2022-10-23"",""dayOfWeek"":""Sunday"",""openTime"":""12:00"",""closeTime"":""18:00"",""totalOpenHours"":6},{""calendarDate"":""2022-10-24"",""dayOfWeek"":""Monday"",""openTime"":""10:00"",""closeTime"":""20:00"",""totalOpenHours"":10},{""calendarDate"":""2022-10-25"",""dayOfWeek"":""Tuesday"",""openTime"":""10:00"",""closeTime"":""20:00"",""totalOpenHours"":10},{""calendarDate"":""2022-10-26"",""dayOfWeek"":""Wednesday"",""openTime"":""10:00"",""closeTime"":""20:00"",""totalOpenHours"":10}]",270.53
1130,"1130","Kenwood Retail Store","The Kenwood Collection","{""addressLine1"":""5901 East Galbraith Road"",""city"":""Cincinnati"",""jurisdictionCode"":""OH"",""postalCode"":""45236""}","1-888-534-5802","{""latitude"":39.20474926,""longitude"":-84.37408367}","America/New_York","Retail",true,true,true,"The Kenwood Collection","[{""calendarDate"":""2022-10-20"",""dayOfWeek"":""Thursday"",""openTime"":""10:00"",""closeTime"":""19:00"",""totalOpenHours"":9},{""calendarDate"":""2022-10-21"",""dayOfWeek"":""Friday"",""openTime"":""10:00"",""closeTime"":""19:00"",""totalOpenHours"":9},{""calendarDate"":""2022-10-22"",""dayOfWeek"":""Saturday"",""openTime"":""10:00"",""closeTime"":""19:00"",""totalOpenHours"":9},{""calendarDate"":""2022-10-23"",""dayOfWeek"":""Sunday"",""openTime"":""11:00"",""closeTime"":""18:00"",""totalOpenHours"":7},{""calendarDate"":""2022-10-24"",""dayOfWeek"":""Monday"",""openTime"":""10:00"",""closeTime"":""19:00"",""totalOpenHours"":9},{""calendarDate"":""2022-10-25"",""dayOfWeek"":""Tuesday"",""openTime"":""10:00"",""closeTime"":""19:00"",""totalOpenHours"":9},{""calendarDate"":""2022-10-26"",""dayOfWeek"":""Wednesday"",""openTime"":""10:00"",""closeTime"":""19:00"",""totalOpenHours"":9}]",352.43
1110,"1110","Easton Town Center Retail Store","Easton Town Center","{""addressLine1"":""4222 Easton Loop West"",""city"":""Columbus"",""jurisdictionCode"":""OH"",""postalCode"":""43219""}","1-888-534-5809","{""latitude"":40.05414453,""longitude"":-82.91690648}","America/New_York","Retail",true,true,true,"Easton Town Center","[{""calendarDate"":""2022-10-20"",""dayOfWeek"":""Thursday"",""openTime"":""10:00"",""closeTime"":""20:00"",""totalOpenHours"":10},{""calendarDate"":""2022-10-21"",""dayOfWeek"":""Friday"",""openTime"":""10:00"",""closeTime"":""20:00"",""totalOpenHours"":10},{""calendarDate"":""2022-10-22"",""dayOfWeek"":""Saturday"",""openTime"":""10:00"",""closeTime"":""20:00"",""totalOpenHours"":10},{""calendarDate"":""2022-10-23"",""dayOfWeek"":""Sunday"",""openTime"":""12:00"",""closeTime"":""18:00"",""totalOpenHours"":6},{""calendarDate"":""2022-10-24"",""dayOfWeek"":""Monday"",""openTime"":""10:00"",""closeTime"":""20:00"",""totalOpenHours"":10},{""calendarDate"":""2022-10-25"",""dayOfWeek"":""Tuesday"",""openTime"":""10:00"",""closeTime"":""20:00"",""totalOpenHours"":10},{""calendarDate"":""2022-10-26"",""dayOfWeek"":""Wednesday"",""openTime"":""10:00"",""closeTime"":""20:00"",""totalOpenHours"":10}]",357.9
1000,"1000","Legacy Village Retail Store","Legacy Village","{""addressLine1"":""25225 Cedar Rd"",""city"":""Lyndhurst"",""jurisdictionCode"":""OH"",""postalCode"":""44124""}","1-888-534-5808","{""latitude"":41.502696,""longitude"":-81.500262}","America/New_York","Retail",true,true,true,"Legacy Village","[{""calendarDate"":""2022-10-20"",""dayOfWeek"":""Thursday"",""openTime"":""10:00"",""closeTime"":""19:00"",""totalOpenHours"":9},{""calendarDate"":""2022-10-21"",""dayOfWeek"":""Friday"",""openTime"":""10:00"",""closeTime"":""19:00"",""totalOpenHours"":9},{""calendarDate"":""2022-10-22"",""dayOfWeek"":""Saturday"",""openTime"":""10:00"",""closeTime"":""19:00"",""totalOpenHours"":9},{""calendarDate"":""2022-10-23"",""dayOfWeek"":""Sunday"",""openTime"":""12:00"",""closeTime"":""18:00"",""totalOpenHours"":6},{""calendarDate"":""2022-10-24"",""dayOfWeek"":""Monday"",""openTime"":""10:00"",""closeTime"":""19:00"",""totalOpenHours"":9},{""calendarDate"":""2022-10-25"",""dayOfWeek"":""Tuesday"",""openTime"":""10:00"",""closeTime"":""19:00"",""totalOpenHours"":9},{""calendarDate"":""2022-10-26"",""dayOfWeek"":""Wednesday"",""openTime"":""10:00"",""closeTime"":""19:00"",""totalOpenHours"":9}]",365.9
1120,"1120","Town Center Crossing Retail Store","Town Center Crossing","{""addressLine1"":""4401 W. 119 Street"",""city"":""Leawood"",""jurisdictionCode"":""KS"",""postalCode"":""66209""}","1-888-534-5804","{""latitude"":38.91163461,""longitude"":-94.636781}","America/Chicago","Retail",true,true,true,"Town Center Crossing","[{""calendarDate"":""2022-10-20"",""dayOfWeek"":""Thursday"",""openTime"":""10:00"",""closeTime"":""19:00"",""totalOpenHours"":9},{""calendarDate"":""2022-10-21"",""dayOfWeek"":""Friday"",""openTime"":""10:00"",""closeTime"":""19:00"",""totalOpenHours"":9},{""calendarDate"":""2022-10-22"",""dayOfWeek"":""Saturday"",""openTime"":""10:00"",""closeTime"":""19:00"",""totalOpenHours"":9},{""calendarDate"":""2022-10-23"",""dayOfWeek"":""Sunday"",""openTime"":""12:00"",""closeTime"":""17:00"",""totalOpenHours"":5},{""calendarDate"":""2022-10-24"",""dayOfWeek"":""Monday"",""openTime"":""10:00"",""closeTime"":""19:00"",""totalOpenHours"":9},{""calendarDate"":""2022-10-25"",""dayOfWeek"":""Tuesday"",""openTime"":""10:00"",""closeTime"":""19:00"",""totalOpenHours"":9},{""calendarDate"":""2022-10-26"",""dayOfWeek"":""Wednesday"",""openTime"":""10:00"",""closeTime"":""19:00"",""totalOpenHours"":9}]",458.16
800,"0800","Ross Park Retail Store","Ross Park Mall","{""addressLine1"":""1000 Ross Park Mall Drive"",""city"":""Pittsburgh"",""jurisdictionCode"":""PA"",""postalCode"":""15237""}","1-888-552-5571","{""latitude"":40.54259337,""longitude"":-80.00912073}","America/New_York","Retail",true,true,true,"Ross Park Mall","[{""calendarDate"":""2022-10-20"",""dayOfWeek"":""Thursday"",""openTime"":""10:00"",""closeTime"":""20:00"",""totalOpenHours"":10},{""calendarDate"":""2022-10-21"",""dayOfWeek"":""Friday"",""openTime"":""10:00"",""closeTime"":""21:00"",""totalOpenHours"":11},{""calendarDate"":""2022-10-22"",""dayOfWeek"":""Saturday"",""openTime"":""10:00"",""closeTime"":""21:00"",""totalOpenHours"":11},{""calendarDate"":""2022-10-23"",""dayOfWeek"":""Sunday"",""openTime"":""11:00"",""closeTime"":""18:00"",""totalOpenHours"":7},{""calendarDate"":""2022-10-24"",""dayOfWeek"":""Monday"",""openTime"":""10:00"",""closeTime"":""20:00"",""totalOpenHours"":10},{""calendarDate"":""2022-10-25"",""dayOfWeek"":""Tuesday"",""openTime"":""10:00"",""closeTime"":""20:00"",""totalOpenHours"":10},{""calendarDate"":""2022-10-26"",""dayOfWeek"":""Wednesday"",""openTime"":""10:00"",""closeTime"":""20:00"",""totalOpenHours"":10}]",464.9
1210,"1210","Boulevard Retail Store","Boulevard Consumer Square","{""addressLine1"":""1565 Niagara Falls Boulevard,"",""city"":""Amherst"",""jurisdictionCode"":""NY"",""postalCode"":""14228""}","1-888-303-9727","{""latitude"":42.99823954,""longitude"":-78.82147536}","America/New_York","Retail",true,true,true,"Boulevard Consumer Square","[{""calendarDate"":""2022-10-20"",""dayOfWeek"":""Thursday"",""openTime"":""09:00"",""closeTime"":""20:00"",""totalOpenHours"":11},{""calendarDate"":""2022-10-21"",""dayOfWeek"":""Friday"",""openTime"":""09:00"",""closeTime"":""20:00"",""totalOpenHours"":11},{""calendarDate"":""2022-10-22"",""dayOfWeek"":""Saturday"",""openTime"":""09:00"",""closeTime"":""20:00"",""totalOpenHours"":11},{""calendarDate"":""2022-10-23"",""dayOfWeek"":""Sunday"",""openTime"":""10:00"",""closeTime"":""17:00"",""totalOpenHours"":7},{""calendarDate"":""2022-10-24"",""dayOfWeek"":""Monday"",""openTime"":""09:00"",""closeTime"":""20:00"",""totalOpenHours"":11},{""calendarDate"":""2022-10-25"",""dayOfWeek"":""Tuesday"",""openTime"":""09:00"",""closeTime"":""20:00"",""totalOpenHours"":11},{""calendarDate"":""2022-10-26"",""dayOfWeek"":""Wednesday"",""openTime"":""09:00"",""closeTime"":""20:00"",""totalOpenHours"":11}]",472.74
810,"0810","Eastview Retail Store","Eastview Mall","{""addressLine1"":""60 Eastview Mall Drive"",""city"":""Victor"",""jurisdictionCode"":""NY"",""postalCode"":""14564""}","1-888-552-5583","{""latitude"":43.026312,""longitude"":-77.443766}","America/New_York","Retail",true,true,true,"Eastview Mall","[{""calendarDate"":""2022-10-20"",""dayOfWeek"":""Thursday"",""openTime"":""10:00"",""closeTime"":""20:00"",""totalOpenHours"":10},{""calendarDate"":""2022-10-21"",""dayOfWeek"":""Friday"",""openTime"":""10:00"",""closeTime"":""20:00"",""totalOpenHours"":10},{""calendarDate"":""2022-10-22"",""dayOfWeek"":""Saturday"",""openTime"":""10:00"",""closeTime"":""20:00"",""totalOpenHours"":10},{""calendarDate"":""2022-10-23"",""dayOfWeek"":""Sunday"",""openTime"":""11:00"",""closeTime"":""18:00"",""totalOpenHours"":7},{""calendarDate"":""2022-10-24"",""dayOfWeek"":""Monday"",""openTime"":""10:00"",""closeTime"":""20:00"",""totalOpenHours"":10},{""calendarDate"":""2022-10-25"",""dayOfWeek"":""Tuesday"",""openTime"":""10:00"",""closeTime"":""20:00"",""totalOpenHours"":10},{""calendarDate"":""2022-10-26"",""dayOfWeek"":""Wednesday"",""openTime"":""10:00"",""closeTime"":""20:00"",""totalOpenHours"":10}]",541.73
970,"0970","Fayetteville Retail Store","Towne Center Mall","{""addressLine1"":""304 Towne Center Drive"",""city"":""Fayetteville"",""jurisdictionCode"":""NY"",""postalCode"":""13066""}","1-888-615-9967","{""latitude"":43.03323757,""longitude"":-76.0206057}","America/New_York","Retail",true,true,true,"Towne Center Mall","[{""calendarDate"":""2022-10-20"",""dayOfWeek"":""Thursday"",""openTime"":""10:00"",""closeTime"":""20:00"",""totalOpenHours"":10},{""calendarDate"":""2022-10-21"",""dayOfWeek"":""Friday"",""openTime"":""10:00"",""closeTime"":""20:00"",""totalOpenHours"":10},{""calendarDate"":""2022-10-22"",""dayOfWeek"":""Saturday"",""openTime"":""10:00"",""closeTime"":""20:00"",""totalOpenHours"":10},{""calendarDate"":""2022-10-23"",""dayOfWeek"":""Sunday"",""openTime"":""11:00"",""closeTime"":""18:00"",""totalOpenHours"":7},{""calendarDate"":""2022-10-24"",""dayOfWeek"":""Monday"",""openTime"":""10:00"",""closeTime"":""20:00"",""totalOpenHours"":10},{""calendarDate"":""2022-10-25"",""dayOfWeek"":""Tuesday"",""openTime"":""10:00"",""closeTime"":""20:00"",""totalOpenHours"":10},{""calendarDate"":""2022-10-26"",""dayOfWeek"":""Wednesday"",""openTime"":""10:00"",""closeTime"":""20:00"",""totalOpenHours"":10}]",613.16
1360,"1360","Stonefield Retail Store","The Shops At Stonefield","{""addressLine1"":""2015 Bond Street"",""city"":""Charlottesville"",""jurisdictionCode"":""VA"",""postalCode"":""22901""}","1-888-660-1569","{""latitude"":38.063896,""longitude"":-78.490876}","America/New_York","Retail",true,true,true,"The Shops At Stonefield","[{""calendarDate"":""2022-10-20"",""dayOfWeek"":""Thursday"",""openTime"":""10:00"",""closeTime"":""19:00"",""totalOpenHours"":9},{""calendarDate"":""2022-10-21"",""dayOfWeek"":""Friday"",""openTime"":""10:00"",""closeTime"":""19:00"",""totalOpenHours"":9},{""calendarDate"":""2022-10-22"",""dayOfWeek"":""Saturday"",""openTime"":""10:00"",""closeTime"":""19:00"",""totalOpenHours"":9},{""calendarDate"":""2022-10-23"",""dayOfWeek"":""Sunday"",""openTime"":""12:00"",""closeTime"":""18:00"",""totalOpenHours"":6},{""calendarDate"":""2022-10-24"",""dayOfWeek"":""Monday"",""openTime"":""10:00"",""closeTime"":""19:00"",""totalOpenHours"":9},{""calendarDate"":""2022-10-25"",""dayOfWeek"":""Tuesday"",""openTime"":""10:00"",""closeTime"":""19:00"",""totalOpenHours"":9},{""calendarDate"":""2022-10-26"",""dayOfWeek"":""Wednesday"",""openTime"":""10:00"",""closeTime"":""19:00"",""totalOpenHours"":9}]",628.15
1340,"1340","Pike and Rose Retail Store","Pike And Rose","{""addressLine1"":""925 Rose Ave"",""city"":""North Bethesda"",""jurisdictionCode"":""MD"",""postalCode"":""20852""}","1-888-660-1570","{""latitude"":39.05133434,""longitude"":-77.11637006}","America/New_York","Retail",true,true,false,"Pike And Rose","[{""calendarDate"":""2022-10-20"",""dayOfWeek"":""Thursday"",""openTime"":""10:00"",""closeTime"":""20:00"",""totalOpenHours"":10},{""calendarDate"":""2022-10-21"",""dayOfWeek"":""Friday"",""openTime"":""10:00"",""closeTime"":""20:00"",""totalOpenHours"":10},{""calendarDate"":""2022-10-22"",""dayOfWeek"":""Saturday"",""openTime"":""10:00"",""closeTime"":""20:00"",""totalOpenHours"":10},{""calendarDate"":""2022-10-23"",""dayOfWeek"":""Sunday"",""openTime"":""11:00"",""closeTime"":""18:00"",""totalOpenHours"":7},{""calendarDate"":""2022-10-24"",""dayOfWeek"":""Monday"",""openTime"":""10:00"",""closeTime"":""20:00"",""totalOpenHours"":10},{""calendarDate"":""2022-10-25"",""dayOfWeek"":""Tuesday"",""openTime"":""10:00"",""closeTime"":""20:00"",""totalOpenHours"":10},{""calendarDate"":""2022-10-26"",""dayOfWeek"":""Wednesday"",""openTime"":""10:00"",""closeTime"":""20:00"",""totalOpenHours"":10}]",649.53
1090,"1090","Short Pump Retail Store","Short Pump Town Center","{""addressLine1"":""11800 West Broad Street,"",""city"":""Richmond"",""jurisdictionCode"":""VA"",""postalCode"":""23233""}","1-888-534-5803","{""latitude"":37.65612296,""longitude"":-77.61926815}","America/New_York","Retail",true,true,false,"Short Pump Town Center","[{""calendarDate"":""2022-10-20"",""dayOfWeek"":""Thursday"",""openTime"":""10:00"",""closeTime"":""20:00"",""totalOpenHours"":10},{""calendarDate"":""2022-10-21"",""dayOfWeek"":""Friday"",""openTime"":""10:00"",""closeTime"":""20:00"",""totalOpenHours"":10},{""calendarDate"":""2022-10-22"",""dayOfWeek"":""Saturday"",""openTime"":""10:00"",""closeTime"":""20:00"",""totalOpenHours"":10},{""calendarDate"":""2022-10-23"",""dayOfWeek"":""Sunday"",""openTime"":""11:00"",""closeTime"":""18:00"",""totalOpenHours"":7},{""calendarDate"":""2022-10-24"",""dayOfWeek"":""Monday"",""openTime"":""10:00"",""closeTime"":""20:00"",""totalOpenHours"":10},{""calendarDate"":""2022-10-25"",""dayOfWeek"":""Tuesday"",""openTime"":""10:00"",""closeTime"":""20:00"",""totalOpenHours"":10},{""calendarDate"":""2022-10-26"",""dayOfWeek"":""Wednesday"",""openTime"":""10:00"",""closeTime"":""20:00"",""totalOpenHours"":10}]",682.88
510,"0510","Saucon Valley Retail Store","The Promenade Shops At Saucon Valley","{""addressLine1"":""3301 Center Valley Pkwy"",""city"":""Center Valley"",""jurisdictionCode"":""PA"",""postalCode"":""18034""}","1-888-552-9885","{""latitude"":40.558716,""longitude"":-75.413718}","America/New_York","Retail",true,true,true,"The Promenade Shops At Saucon Valley","[{""calendarDate"":""2022-10-20"",""dayOfWeek"":""Thursday"",""openTime"":""10:00"",""closeTime"":""20:00"",""totalOpenHours"":10},{""calendarDate"":""2022-10-21"",""dayOfWeek"":""Friday"",""openTime"":""10:00"",""closeTime"":""20:00"",""totalOpenHours"":10},{""calendarDate"":""2022-10-22"",""dayOfWeek"":""Saturday"",""openTime"":""10:00"",""closeTime"":""20:00"",""totalOpenHours"":10},{""calendarDate"":""2022-10-23"",""dayOfWeek"":""Sunday"",""openTime"":""11:00"",""closeTime"":""18:00"",""totalOpenHours"":7},{""calendarDate"":""2022-10-24"",""dayOfWeek"":""Monday"",""openTime"":""10:00"",""closeTime"":""20:00"",""totalOpenHours"":10},{""calendarDate"":""2022-10-25"",""dayOfWeek"":""Tuesday"",""openTime"":""10:00"",""closeTime"":""20:00"",""totalOpenHours"":10},{""calendarDate"":""2022-10-26"",""dayOfWeek"":""Wednesday"",""openTime"":""10:00"",""closeTime"":""20:00"",""totalOpenHours"":10}]",685.01
890,"0890","King Of Prussia Retail Store","The Plaza At King Of Prussia Mall","{""addressLine1"":""160 North Gulph Road"",""city"":""King Of Prussia"",""jurisdictionCode"":""PA"",""postalCode"":""19406""}","1-888-473-1828","{""latitude"":40.08817044,""longitude"":-75.39265811}","America/New_York","Retail",true,true,false,"The Plaza At King Of Prussia Mall","[{""calendarDate"":""2022-10-20"",""dayOfWeek"":""Thursday"",""openTime"":""10:00"",""closeTime"":""21:00"",""totalOpenHours"":11},{""calendarDate"":""2022-10-21"",""dayOfWeek"":""Friday"",""openTime"":""10:00"",""closeTime"":""21:00"",""totalOpenHours"":11},{""calendarDate"":""2022-10-22"",""dayOfWeek"":""Saturday"",""openTime"":""10:00"",""closeTime"":""21:00"",""totalOpenHours"":11},{""calendarDate"":""2022-10-23"",""dayOfWeek"":""Sunday"",""openTime"":""11:00"",""closeTime"":""18:00"",""totalOpenHours"":7},{""calendarDate"":""2022-10-24"",""dayOfWeek"":""Monday"",""openTime"":""10:00"",""closeTime"":""21:00"",""totalOpenHours"":11},{""calendarDate"":""2022-10-25"",""dayOfWeek"":""Tuesday"",""openTime"":""10:00"",""closeTime"":""21:00"",""totalOpenHours"":11},{""calendarDate"":""2022-10-26"",""dayOfWeek"":""Wednesday"",""openTime"":""10:00"",""closeTime"":""21:00"",""totalOpenHours"":11}]",698.35
530,"0530","Colonie Retail Store","Colonie Center","{""addressLine1"":""131 Colonie Center"",""city"":""Albany"",""jurisdictionCode"":""NY"",""postalCode"":""12205""}","1-888-552-5519","{""latitude"":42.70971398,""longitude"":-73.81810883}","America/New_York","Retail",true,true,true,"Colonie Center","[{""calendarDate"":""2022-10-20"",""dayOfWeek"":""Thursday"",""openTime"":""10:00"",""closeTime"":""20:00"",""totalOpenHours"":10},{""calendarDate"":""2022-10-21"",""dayOfWeek"":""Friday"",""openTime"":""10:00"",""closeTime"":""20:00"",""totalOpenHours"":10},{""calendarDate"":""2022-10-22"",""dayOfWeek"":""Saturday"",""openTime"":""10:00"",""closeTime"":""20:00"",""totalOpenHours"":10},{""calendarDate"":""2022-10-23"",""dayOfWeek"":""Sunday"",""openTime"":""11:00"",""closeTime"":""18:00"",""totalOpenHours"":7},{""calendarDate"":""2022-10-24"",""dayOfWeek"":""Monday"",""openTime"":""10:00"",""closeTime"":""20:00"",""totalOpenHours"":10},{""calendarDate"":""2022-10-25"",""dayOfWeek"":""Tuesday"",""openTime"":""10:00"",""closeTime"":""20:00"",""totalOpenHours"":10},{""calendarDate"":""2022-10-26"",""dayOfWeek"":""Wednesday"",""openTime"":""10:00"",""closeTime"":""20:00"",""totalOpenHours"":10}]",726.8
320,"0320","Sagemore Retail Store","The Promenade At Sagemore","{""addressLine1"":""500 Route 73 S"",""city"":""Marlton"",""jurisdictionCode"":""NJ"",""postalCode"":""08053""}","1-888-552-9883","{""latitude"":39.876261,""longitude"":-74.92044857}","America/New_York","Retail",true,true,true,"The Promenade At Sagemore","[{""calendarDate"":""2022-10-20"",""dayOfWeek"":""Thursday"",""openTime"":""10:00"",""closeTime"":""20:00"",""totalOpenHours"":10},{""calendarDate"":""2022-10-21"",""dayOfWeek"":""Friday"",""openTime"":""10:00"",""closeTime"":""20:00"",""totalOpenHours"":10},{""calendarDate"":""2022-10-22"",""dayOfWeek"":""Saturday"",""openTime"":""10:00"",""closeTime"":""20:00"",""totalOpenHours"":10},{""calendarDate"":""2022-10-23"",""dayOfWeek"":""Sunday"",""openTime"":""11:00"",""closeTime"":""18:00"",""totalOpenHours"":7},{""calendarDate"":""2022-10-24"",""dayOfWeek"":""Monday"",""openTime"":""10:00"",""closeTime"":""20:00"",""totalOpenHours"":10},{""calendarDate"":""2022-10-25"",""dayOfWeek"":""Tuesday"",""openTime"":""10:00"",""closeTime"":""20:00"",""totalOpenHours"":10},{""calendarDate"":""2022-10-26"",""dayOfWeek"":""Wednesday"",""openTime"":""10:00"",""closeTime"":""20:00"",""totalOpenHours"":10}]",727.16
1010,"1010","Adirondack Outlet Store","Adirondack Outlet Mall","{""addressLine1"":""1444 U.S. 9"",""city"":""Lake George"",""jurisdictionCode"":""NY"",""postalCode"":""12845""}","1-888-615-9978","{""latitude"":43.3660443,""longitude"":-73.697812}","America/New_York","Outlet",false,false,false,"Adirondack Outlet Mall","[{""calendarDate"":""2022-10-20"",""dayOfWeek"":""Thursday"",""openTime"":""10:00"",""closeTime"":""18:00"",""totalOpenHours"":8},{""calendarDate"":""2022-10-21"",""dayOfWeek"":""Friday"",""openTime"":""10:00"",""closeTime"":""19:00"",""totalOpenHours"":9},{""calendarDate"":""2022-10-22"",""dayOfWeek"":""Saturday"",""openTime"":""10:00"",""closeTime"":""19:00"",""totalOpenHours"":9},{""calendarDate"":""2022-10-23"",""dayOfWeek"":""Sunday"",""openTime"":""10:00"",""closeTime"":""18:00"",""totalOpenHours"":8},{""calendarDate"":""2022-10-24"",""dayOfWeek"":""Monday"",""openTime"":""10:00"",""closeTime"":""18:00"",""totalOpenHours"":8},{""calendarDate"":""2022-10-25"",""dayOfWeek"":""Tuesday"",""openTime"":""10:00"",""closeTime"":""18:00"",""totalOpenHours"":8},{""calendarDate"":""2022-10-26"",""dayOfWeek"":""Wednesday"",""openTime"":""10:00"",""closeTime"":""18:00"",""totalOpenHours"":8}]",727.28
900,"0900","Paramus Park Retail Store","Paramus Park Mall","{""addressLine1"":""700 Paramus Park"",""city"":""Paramus"",""jurisdictionCode"":""NJ"",""postalCode"":""07652""}","1-888-490-3837","{""latitude"":40.95738893,""longitude"":-74.06872124}","America/New_York","Retail",true,true,true,"Paramus Park Mall","[{""calendarDate"":""2022-10-20"",""dayOfWeek"":""Thursday"",""openTime"":""10:00"",""closeTime"":""20:00"",""totalOpenHours"":10},{""calendarDate"":""2022-10-21"",""dayOfWeek"":""Friday"",""openTime"":""10:00"",""closeTime"":""20:00"",""totalOpenHours"":10},{""calendarDate"":""2022-10-22"",""dayOfWeek"":""Saturday"",""openTime"":""10:00"",""closeTime"":""20:00"",""totalOpenHours"":10},{""calendarDate"":""2022-10-23"",""dayOfWeek"":""Sunday"",""openTime"":""00:00"",""closeTime"":""00:00"",""totalOpenHours"":0},{""calendarDate"":""2022-10-24"",""dayOfWeek"":""Monday"",""openTime"":""10:00"",""closeTime"":""20:00"",""totalOpenHours"":10},{""calendarDate"":""2022-10-25"",""dayOfWeek"":""Tuesday"",""openTime"":""10:00"",""closeTime"":""20:00"",""totalOpenHours"":10},{""calendarDate"":""2022-10-26"",""dayOfWeek"":""Wednesday"",""openTime"":""10:00"",""closeTime"":""20:00"",""totalOpenHours"":10}]",742.29
950,"0950","Freehold Retail Store","Freehold Raceway Mall","{""addressLine1"":""3710 Route 9 South"",""city"":""Freehold"",""jurisdictionCode"":""NJ"",""postalCode"":""07728""}","1-888-615-9968","{""latitude"":40.25214437,""longitude"":-74.29943004}","America/New_York","Retail",true,true,true,"Freehold Raceway Mall","[{""calendarDate"":""2022-10-20"",""dayOfWeek"":""Thursday"",""openTime"":""10:00"",""closeTime"":""20:00"",""totalOpenHours"":10},{""calendarDate"":""2022-10-21"",""dayOfWeek"":""Friday"",""openTime"":""10:00"",""closeTime"":""21:00"",""totalOpenHours"":11},{""calendarDate"":""2022-10-22"",""dayOfWeek"":""Saturday"",""openTime"":""10:00"",""closeTime"":""21:00"",""totalOpenHours"":11},{""calendarDate"":""2022-10-23"",""dayOfWeek"":""Sunday"",""openTime"":""11:00"",""closeTime"":""19:00"",""totalOpenHours"":8},{""calendarDate"":""2022-10-24"",""dayOfWeek"":""Monday"",""openTime"":""10:00"",""closeTime"":""20:00"",""totalOpenHours"":10},{""calendarDate"":""2022-10-25"",""dayOfWeek"":""Tuesday"",""openTime"":""10:00"",""closeTime"":""20:00"",""totalOpenHours"":10},{""calendarDate"":""2022-10-26"",""dayOfWeek"":""Wednesday"",""openTime"":""10:00"",""closeTime"":""20:00"",""totalOpenHours"":10}]",747.4
980,"0980","Burlington, VT","Burlington Town Center","{""addressLine1"":""101 Cherry Street"",""city"":""Burlington"",""jurisdictionCode"":""VT"",""postalCode"":""05401""}","1-888-615-9973","{""latitude"":44.47893,""longitude"":-73.21398}","America/New_York","Retail",true,false,true,,"[]",748.08
820,"0820","Ridge Hill Retail Store","Ridge Hill Mall","{""addressLine1"":""1 Ridge Hill Boulevard"",""city"":""Yonkers"",""jurisdictionCode"":""NY"",""postalCode"":""10710""}","1-888-490-3836","{""latitude"":40.96266157,""longitude"":-73.85561059}","America/New_York","Retail",true,true,true,"Ridge Hill Mall","[{""calendarDate"":""2022-10-20"",""dayOfWeek"":""Thursday"",""openTime"":""10:00"",""closeTime"":""21:00"",""totalOpenHours"":11},{""calendarDate"":""2022-10-21"",""dayOfWeek"":""Friday"",""openTime"":""10:00"",""closeTime"":""21:00"",""totalOpenHours"":11},{""calendarDate"":""2022-10-22"",""dayOfWeek"":""Saturday"",""openTime"":""10:00"",""closeTime"":""21:00"",""totalOpenHours"":11},{""calendarDate"":""2022-10-23"",""dayOfWeek"":""Sunday"",""openTime"":""10:00"",""closeTime"":""19:00"",""totalOpenHours"":9},{""calendarDate"":""2022-10-24"",""dayOfWeek"":""Monday"",""openTime"":""10:00"",""closeTime"":""21:00"",""totalOpenHours"":11},{""calendarDate"":""2022-10-25"",""dayOfWeek"":""Tuesday"",""openTime"":""10:00"",""closeTime"":""21:00"",""totalOpenHours"":11},{""calendarDate"":""2022-10-26"",""dayOfWeek"":""Wednesday"",""openTime"":""10:00"",""closeTime"":""21:00"",""totalOpenHours"":11}]",752.78
1430,"1430","Williston Retail Store","Finney Crossing","{""addressLine1"":""69 Market Street"",""city"":""Williston"",""jurisdictionCode"":""VT"",""postalCode"":""05495""}","1-888-307-7305","{""latitude"":44.44878371,""longitude"":-73.10745057}","America/New_York","Retail",true,true,true,"Finney Crossing","[{""calendarDate"":""2022-10-20"",""dayOfWeek"":""Thursday"",""openTime"":""09:00"",""closeTime"":""20:00"",""totalOpenHours"":11},{""calendarDate"":""2022-10-21"",""dayOfWeek"":""Friday"",""openTime"":""09:00"",""closeTime"":""20:00"",""totalOpenHours"":11},{""calendarDate"":""2022-10-22"",""dayOfWeek"":""Saturday"",""openTime"":""09:00"",""closeTime"":""20:00"",""totalOpenHours"":11},{""calendarDate"":""2022-10-23"",""dayOfWeek"":""Sunday"",""openTime"":""09:00"",""closeTime"":""20:00"",""totalOpenHours"":11},{""calendarDate"":""2022-10-24"",""dayOfWeek"":""Monday"",""openTime"":""09:00"",""closeTime"":""20:00"",""totalOpenHours"":11},{""calendarDate"":""2022-10-25"",""dayOfWeek"":""Tuesday"",""openTime"":""09:00"",""closeTime"":""20:00"",""totalOpenHours"":11},{""calendarDate"":""2022-10-26"",""dayOfWeek"":""Wednesday"",""openTime"":""09:00"",""closeTime"":""20:00"",""totalOpenHours"":11}]",753.33
960,"0960","Danbury Retail Store","Danbury Fair","{""addressLine1"":""7 Backus Avenue"",""city"":""Danbury"",""jurisdictionCode"":""CT"",""postalCode"":""06810""}","1-888-615-9964","{""latitude"":41.379563,""longitude"":-73.479782}","America/New_York","Retail",true,true,true,"Danbury Fair","[{""calendarDate"":""2022-10-20"",""dayOfWeek"":""Thursday"",""openTime"":""10:00"",""closeTime"":""20:00"",""totalOpenHours"":10},{""calendarDate"":""2022-10-21"",""dayOfWeek"":""Friday"",""openTime"":""10:00"",""closeTime"":""20:00"",""totalOpenHours"":10},{""calendarDate"":""2022-10-22"",""dayOfWeek"":""Saturday"",""openTime"":""10:00"",""closeTime"":""20:00"",""totalOpenHours"":10},{""calendarDate"":""2022-10-23"",""dayOfWeek"":""Sunday"",""openTime"":""11:00"",""closeTime"":""18:00"",""totalOpenHours"":7},{""calendarDate"":""2022-10-24"",""dayOfWeek"":""Monday"",""openTime"":""10:00"",""closeTime"":""20:00"",""totalOpenHours"":10},{""calendarDate"":""2022-10-25"",""dayOfWeek"":""Tuesday"",""openTime"":""10:00"",""closeTime"":""20:00"",""totalOpenHours"":10},{""calendarDate"":""2022-10-26"",""dayOfWeek"":""Wednesday"",""openTime"":""10:00"",""closeTime"":""20:00"",""totalOpenHours"":10}]",763.25
1170,"1170","Lynnhaven Retail Store","Lynnhaven Mall","{""addressLine1"":""701 Lynnhaven Parkway"",""city"":""Virginia Beach"",""jurisdictionCode"":""VA"",""postalCode"":""23452""}","1-888-534-5795","{""latitude"":36.81690114,""longitude"":-76.07051843}","America/New_York","Retail",true,true,true,"Lynnhaven Mall","[{""calendarDate"":""2022-10-20"",""dayOfWeek"":""Thursday"",""openTime"":""10:00"",""closeTime"":""19:00"",""totalOpenHours"":9},{""calendarDate"":""2022-10-21"",""dayOfWeek"":""Friday"",""openTime"":""10:00"",""closeTime"":""20:00"",""totalOpenHours"":10},{""calendarDate"":""2022-10-22"",""dayOfWeek"":""Saturday"",""openTime"":""10:00"",""closeTime"":""20:00"",""totalOpenHours"":10},{""calendarDate"":""2022-10-23"",""dayOfWeek"":""Sunday"",""openTime"":""12:00"",""closeTime"":""18:00"",""totalOpenHours"":6},{""calendarDate"":""2022-10-24"",""dayOfWeek"":""Monday"",""openTime"":""10:00"",""closeTime"":""19:00"",""totalOpenHours"":9},{""calendarDate"":""2022-10-25"",""dayOfWeek"":""Tuesday"",""openTime"":""10:00"",""closeTime"":""19:00"",""totalOpenHours"":9},{""calendarDate"":""2022-10-26"",""dayOfWeek"":""Wednesday"",""openTime"":""10:00"",""closeTime"":""19:00"",""totalOpenHours"":9}]",785.67
1200,"1200","Smith Haven Retail Store","Smith Haven Mall","{""addressLine1"":""220 Smith Haven Mall"",""city"":""Lake Grove"",""jurisdictionCode"":""NY"",""postalCode"":""11755""}","1-888-660-1567","{""latitude"":40.86481821,""longitude"":-73.12911014}","America/New_York","Retail",true,true,true,"Smith Haven Mall","[{""calendarDate"":""2022-10-20"",""dayOfWeek"":""Thursday"",""openTime"":""10:00"",""closeTime"":""20:00"",""totalOpenHours"":10},{""calendarDate"":""2022-10-21"",""dayOfWeek"":""Friday"",""openTime"":""10:00"",""closeTime"":""21:00"",""totalOpenHours"":11},{""calendarDate"":""2022-10-22"",""dayOfWeek"":""Saturday"",""openTime"":""10:00"",""closeTime"":""21:00"",""totalOpenHours"":11},{""calendarDate"":""2022-10-23"",""dayOfWeek"":""Sunday"",""openTime"":""11:00"",""closeTime"":""18:00"",""totalOpenHours"":7},{""calendarDate"":""2022-10-24"",""dayOfWeek"":""Monday"",""openTime"":""10:00"",""closeTime"":""20:00"",""totalOpenHours"":10},{""calendarDate"":""2022-10-25"",""dayOfWeek"":""Tuesday"",""openTime"":""10:00"",""closeTime"":""20:00"",""totalOpenHours"":10},{""calendarDate"":""2022-10-26"",""dayOfWeek"":""Wednesday"",""openTime"":""10:00"",""closeTime"":""20:00"",""totalOpenHours"":10}]",791
1390,"1390","Yale Retail Store","The Shops At Yale","{""addressLine1"":""272 Elm Street"",""city"":""New Haven"",""jurisdictionCode"":""CT"",""postalCode"":""06511""}","1-888-660-1571","{""latitude"":41.31078257,""longitude"":-72.93076236}","America/New_York","Retail",true,true,false,"The Shops At Yale","[{""calendarDate"":""2022-10-20"",""dayOfWeek"":""Thursday"",""openTime"":""10:00"",""closeTime"":""20:00"",""totalOpenHours"":10},{""calendarDate"":""2022-10-21"",""dayOfWeek"":""Friday"",""openTime"":""10:00"",""closeTime"":""20:00"",""totalOpenHours"":10},{""calendarDate"":""2022-10-22"",""dayOfWeek"":""Saturday"",""openTime"":""10:00"",""closeTime"":""20:00"",""totalOpenHours"":10},{""calendarDate"":""2022-10-23"",""dayOfWeek"":""Sunday"",""openTime"":""11:00"",""closeTime"":""18:00"",""totalOpenHours"":7},{""calendarDate"":""2022-10-24"",""dayOfWeek"":""Monday"",""openTime"":""10:00"",""closeTime"":""19:00"",""totalOpenHours"":9},{""calendarDate"":""2022-10-25"",""dayOfWeek"":""Tuesday"",""openTime"":""10:00"",""closeTime"":""19:00"",""totalOpenHours"":9},{""calendarDate"":""2022-10-26"",""dayOfWeek"":""Wednesday"",""openTime"":""10:00"",""closeTime"":""19:00"",""totalOpenHours"":9}]",791.98
1420,"1420","Mountain Farms Retail Store","Mountain Farms Mall","{""addressLine1"":""353 Russell St"",""city"":""Hadley"",""jurisdictionCode"":""MA"",""postalCode"":""01035""}","1-888-300-5803","{""latitude"":42.35676022,""longitude"":-72.55169733}","America/New_York","Retail",true,true,true,"Mountain Farms Mall","[{""calendarDate"":""2022-10-20"",""dayOfWeek"":""Thursday"",""openTime"":""09:00"",""closeTime"":""20:00"",""totalOpenHours"":11},{""calendarDate"":""2022-10-21"",""dayOfWeek"":""Friday"",""openTime"":""09:00"",""closeTime"":""20:00"",""totalOpenHours"":11},{""calendarDate"":""2022-10-22"",""dayOfWeek"":""Saturday"",""openTime"":""09:00"",""closeTime"":""20:00"",""totalOpenHours"":11},{""calendarDate"":""2022-10-23"",""dayOfWeek"":""Sunday"",""openTime"":""10:00"",""closeTime"":""18:00"",""totalOpenHours"":8},{""calendarDate"":""2022-10-24"",""dayOfWeek"":""Monday"",""openTime"":""09:00"",""closeTime"":""20:00"",""totalOpenHours"":11},{""calendarDate"":""2022-10-25"",""dayOfWeek"":""Tuesday"",""openTime"":""09:00"",""closeTime"":""20:00"",""totalOpenHours"":11},{""calendarDate"":""2022-10-26"",""dayOfWeek"":""Wednesday"",""openTime"":""09:00"",""closeTime"":""20:00"",""totalOpenHours"":11}]",794.54
410,"0410","Powerhouse Retail Store","PowerHouse Mall","{""addressLine1"":""8 Glen Road"",""city"":""West Lebanon"",""jurisdictionCode"":""NH"",""postalCode"":""03784""}","1-603-298-6975","{""latitude"":43.6337129,""longitude"":-72.31604264}","America/New_York","Retail",true,true,true,"PowerHouse Mall","[{""calendarDate"":""2022-10-20"",""dayOfWeek"":""Thursday"",""openTime"":""09:00"",""closeTime"":""20:00"",""totalOpenHours"":11},{""calendarDate"":""2022-10-21"",""dayOfWeek"":""Friday"",""openTime"":""09:00"",""closeTime"":""20:00"",""totalOpenHours"":11},{""calendarDate"":""2022-10-22"",""dayOfWeek"":""Saturday"",""openTime"":""09:00"",""closeTime"":""20:00"",""totalOpenHours"":11},{""calendarDate"":""2022-10-23"",""dayOfWeek"":""Sunday"",""openTime"":""09:00"",""closeTime"":""20:00"",""totalOpenHours"":11},{""calendarDate"":""2022-10-24"",""dayOfWeek"":""Monday"",""openTime"":""09:00"",""closeTime"":""20:00"",""totalOpenHours"":11},{""calendarDate"":""2022-10-25"",""dayOfWeek"":""Tuesday"",""openTime"":""09:00"",""closeTime"":""20:00"",""totalOpenHours"":11},{""calendarDate"":""2022-10-26"",""dayOfWeek"":""Wednesday"",""openTime"":""09:00"",""closeTime"":""20:00"",""totalOpenHours"":11}]",794.8
540,"0540","Evergreen Walk Retail Store","The Promenade Shops At Evergreen Walk","{""addressLine1"":""75 Evergreen Way"",""city"":""South Windsor"",""jurisdictionCode"":""CT"",""postalCode"":""06074""}","1-888-552-5517","{""latitude"":41.809471,""longitude"":-72.55742}","America/New_York","Retail",true,true,true,"The Promenade Shops At Evergreen Walk","[{""calendarDate"":""2022-10-20"",""dayOfWeek"":""Thursday"",""openTime"":""10:00"",""closeTime"":""20:00"",""totalOpenHours"":10},{""calendarDate"":""2022-10-21"",""dayOfWeek"":""Friday"",""openTime"":""10:00"",""closeTime"":""20:00"",""totalOpenHours"":10},{""calendarDate"":""2022-10-22"",""dayOfWeek"":""Saturday"",""openTime"":""10:00"",""closeTime"":""20:00"",""totalOpenHours"":10},{""calendarDate"":""2022-10-23"",""dayOfWeek"":""Sunday"",""openTime"":""11:00"",""closeTime"":""18:00"",""totalOpenHours"":7},{""calendarDate"":""2022-10-24"",""dayOfWeek"":""Monday"",""openTime"":""10:00"",""closeTime"":""20:00"",""totalOpenHours"":10},{""calendarDate"":""2022-10-25"",""dayOfWeek"":""Tuesday"",""openTime"":""10:00"",""closeTime"":""20:00"",""totalOpenHours"":10},{""calendarDate"":""2022-10-26"",""dayOfWeek"":""Wednesday"",""openTime"":""10:00"",""closeTime"":""20:00"",""totalOpenHours"":10}]",802.08
1080,"1080","Blackstone Valley Retail Store","The Shoppes At Blackstone Valley","{""addressLine1"":""70 Worcester - Providence Turnpike,"",""city"":""Millbury"",""jurisdictionCode"":""MA"",""postalCode"":""01527""}","1-888-307-7266","{""latitude"":42.19918866,""longitude"":-71.77922195}","America/New_York","Retail",true,true,true,"The Shoppes At Blackstone Valley","[{""calendarDate"":""2022-10-20"",""dayOfWeek"":""Thursday"",""openTime"":""10:00"",""closeTime"":""20:00"",""totalOpenHours"":10},{""calendarDate"":""2022-10-21"",""dayOfWeek"":""Friday"",""openTime"":""10:00"",""closeTime"":""20:00"",""totalOpenHours"":10},{""calendarDate"":""2022-10-22"",""dayOfWeek"":""Saturday"",""openTime"":""10:00"",""closeTime"":""20:00"",""totalOpenHours"":10},{""calendarDate"":""2022-10-23"",""dayOfWeek"":""Sunday"",""openTime"":""11:00"",""closeTime"":""18:00"",""totalOpenHours"":7},{""calendarDate"":""2022-10-24"",""dayOfWeek"":""Monday"",""openTime"":""10:00"",""closeTime"":""20:00"",""totalOpenHours"":10},{""calendarDate"":""2022-10-25"",""dayOfWeek"":""Tuesday"",""openTime"":""10:00"",""closeTime"":""20:00"",""totalOpenHours"":10},{""calendarDate"":""2022-10-26"",""dayOfWeek"":""Wednesday"",""openTime"":""10:00"",""closeTime"":""20:00"",""totalOpenHours"":10}]",835.43
110,"0110","Concord Outlet Store",,"{""addressLine1"":""55 Fort Eddy Road"",""city"":""Concord"",""jurisdictionCode"":""NH"",""postalCode"":""03301""}","1-603-225-6575","{""latitude"":43.21117151,""longitude"":-71.53284142}","America/New_York","Outlet",false,false,false,"Concord Outlet Store","[{""calendarDate"":""2022-10-20"",""dayOfWeek"":""Thursday"",""openTime"":""10:00"",""closeTime"":""20:00"",""totalOpenHours"":10},{""calendarDate"":""2022-10-21"",""dayOfWeek"":""Friday"",""openTime"":""10:00"",""closeTime"":""20:00"",""totalOpenHours"":10},{""calendarDate"":""2022-10-22"",""dayOfWeek"":""Saturday"",""openTime"":""10:00"",""closeTime"":""20:00"",""totalOpenHours"":10},{""calendarDate"":""2022-10-23"",""dayOfWeek"":""Sunday"",""openTime"":""10:00"",""closeTime"":""18:00"",""totalOpenHours"":8},{""calendarDate"":""2022-10-24"",""dayOfWeek"":""Monday"",""openTime"":""10:00"",""closeTime"":""20:00"",""totalOpenHours"":10},{""calendarDate"":""2022-10-25"",""dayOfWeek"":""Tuesday"",""openTime"":""10:00"",""closeTime"":""20:00"",""totalOpenHours"":10},{""calendarDate"":""2022-10-26"",""dayOfWeek"":""Wednesday"",""openTime"":""10:00"",""closeTime"":""20:00"",""totalOpenHours"":10}]",836.8
100,"0100","Nashua Outlet Store","Nashua Mall","{""addressLine1"":""31 Gusabel Avenue"",""city"":""Nashua"",""jurisdictionCode"":""NH"",""postalCode"":""03063""}","1-603-880-4829","{""latitude"":42.765203,""longitude"":-71.496335}","America/New_York","Outlet",false,false,false,"Nashua Mall","[{""calendarDate"":""2022-10-20"",""dayOfWeek"":""Thursday"",""openTime"":""10:00"",""closeTime"":""20:00"",""totalOpenHours"":10},{""calendarDate"":""2022-10-21"",""dayOfWeek"":""Friday"",""openTime"":""10:00"",""closeTime"":""20:00"",""totalOpenHours"":10},{""calendarDate"":""2022-10-22"",""dayOfWeek"":""Saturday"",""openTime"":""10:00"",""closeTime"":""20:00"",""totalOpenHours"":10},{""calendarDate"":""2022-10-23"",""dayOfWeek"":""Sunday"",""openTime"":""10:00"",""closeTime"":""18:00"",""totalOpenHours"":8},{""calendarDate"":""2022-10-24"",""dayOfWeek"":""Monday"",""openTime"":""10:00"",""closeTime"":""20:00"",""totalOpenHours"":10},{""calendarDate"":""2022-10-25"",""dayOfWeek"":""Tuesday"",""openTime"":""10:00"",""closeTime"":""20:00"",""totalOpenHours"":10},{""calendarDate"":""2022-10-26"",""dayOfWeek"":""Wednesday"",""openTime"":""10:00"",""closeTime"":""20:00"",""totalOpenHours"":10}]",842.8
70,"0070","North Conway Outlet Store","Settler's Crossing","{""addressLine1"":""1390 White Mountain Highway"",""city"":""North Conway"",""jurisdictionCode"":""NH"",""postalCode"":""03860""}","1-603-356-2100","{""latitude"":44.0167893,""longitude"":-71.1149551}","America/New_York","Outlet",false,false,false,"Settler's Crossing","[{""calendarDate"":""2022-10-20"",""dayOfWeek"":""Thursday"",""openTime"":""09:00"",""closeTime"":""20:00"",""totalOpenHours"":11},{""calendarDate"":""2022-10-21"",""dayOfWeek"":""Friday"",""openTime"":""09:00"",""closeTime"":""20:00"",""totalOpenHours"":11},{""calendarDate"":""2022-10-22"",""dayOfWeek"":""Saturday"",""openTime"":""09:00"",""closeTime"":""20:00"",""totalOpenHours"":11},{""calendarDate"":""2022-10-23"",""dayOfWeek"":""Sunday"",""openTime"":""09:00"",""closeTime"":""20:00"",""totalOpenHours"":11},{""calendarDate"":""2022-10-24"",""dayOfWeek"":""Monday"",""openTime"":""09:00"",""closeTime"":""20:00"",""totalOpenHours"":11},{""calendarDate"":""2022-10-25"",""dayOfWeek"":""Tuesday"",""openTime"":""09:00"",""closeTime"":""20:00"",""totalOpenHours"":11},{""calendarDate"":""2022-10-26"",""dayOfWeek"":""Wednesday"",""openTime"":""09:00"",""closeTime"":""20:00"",""totalOpenHours"":11}]",852.86
1440,"1440","Tuscan Village Retail Store","Tuscan Village","{""addressLine1"":""3 South Village Drive"",""city"":""Salem"",""jurisdictionCode"":""NH"",""postalCode"":""03079""}","1-888-303-3124","{""latitude"":42.77002715,""longitude"":-71.22433582}","America/New_York","Retail",true,true,true,"Tuscan Village","[{""calendarDate"":""2022-10-20"",""dayOfWeek"":""Thursday"",""openTime"":""10:00"",""closeTime"":""20:00"",""totalOpenHours"":10},{""calendarDate"":""2022-10-21"",""dayOfWeek"":""Friday"",""openTime"":""10:00"",""closeTime"":""20:00"",""totalOpenHours"":10},{""calendarDate"":""2022-10-22"",""dayOfWeek"":""Saturday"",""openTime"":""10:00"",""closeTime"":""20:00"",""totalOpenHours"":10},{""calendarDate"":""2022-10-23"",""dayOfWeek"":""Sunday"",""openTime"":""10:00"",""closeTime"":""18:00"",""totalOpenHours"":8},{""calendarDate"":""2022-10-24"",""dayOfWeek"":""Monday"",""openTime"":""10:00"",""closeTime"":""20:00"",""totalOpenHours"":10},{""calendarDate"":""2022-10-25"",""dayOfWeek"":""Tuesday"",""openTime"":""10:00"",""closeTime"":""20:00"",""totalOpenHours"":10},{""calendarDate"":""2022-10-26"",""dayOfWeek"":""Wednesday"",""openTime"":""10:00"",""closeTime"":""20:00"",""totalOpenHours"":10}]",856.39
1140,"1140","Garden City Retail Store","Garden City Center","{""addressLine1"":""200 Hillside Road"",""city"":""Cranston"",""jurisdictionCode"":""RI"",""postalCode"":""02920""}","1-888-534-5801","{""latitude"":41.75808759,""longitude"":-71.45763632}","America/New_York","Retail",true,true,true,"Garden City Center","[{""calendarDate"":""2022-10-20"",""dayOfWeek"":""Thursday"",""openTime"":""10:00"",""closeTime"":""20:00"",""totalOpenHours"":10},{""calendarDate"":""2022-10-21"",""dayOfWeek"":""Friday"",""openTime"":""10:00"",""closeTime"":""20:00"",""totalOpenHours"":10},{""calendarDate"":""2022-10-22"",""dayOfWeek"":""Saturday"",""openTime"":""10:00"",""closeTime"":""20:00"",""totalOpenHours"":10},{""calendarDate"":""2022-10-23"",""dayOfWeek"":""Sunday"",""openTime"":""10:00"",""closeTime"":""18:00"",""totalOpenHours"":8},{""calendarDate"":""2022-10-24"",""dayOfWeek"":""Monday"",""openTime"":""10:00"",""closeTime"":""20:00"",""totalOpenHours"":10},{""calendarDate"":""2022-10-25"",""dayOfWeek"":""Tuesday"",""openTime"":""10:00"",""closeTime"":""20:00"",""totalOpenHours"":10},{""calendarDate"":""2022-10-26"",""dayOfWeek"":""Wednesday"",""openTime"":""10:00"",""closeTime"":""20:00"",""totalOpenHours"":10}]",858.1
500,"0500","Wayside Retail Store","Wayside Commons","{""addressLine1"":""6 Wayside Road"",""city"":""Burlington"",""jurisdictionCode"":""MA"",""postalCode"":""01803""}","1-888-552-9866","{""latitude"":42.485813,""longitude"":-71.192459}","America/New_York","Retail",true,true,true,"Wayside Commons","[{""calendarDate"":""2022-10-20"",""dayOfWeek"":""Thursday"",""openTime"":""10:00"",""closeTime"":""20:00"",""totalOpenHours"":10},{""calendarDate"":""2022-10-21"",""dayOfWeek"":""Friday"",""openTime"":""10:00"",""closeTime"":""21:00"",""totalOpenHours"":11},{""calendarDate"":""2022-10-22"",""dayOfWeek"":""Saturday"",""openTime"":""10:00"",""closeTime"":""21:00"",""totalOpenHours"":11},{""calendarDate"":""2022-10-23"",""dayOfWeek"":""Sunday"",""openTime"":""11:00"",""closeTime"":""18:00"",""totalOpenHours"":7},{""calendarDate"":""2022-10-24"",""dayOfWeek"":""Monday"",""openTime"":""10:00"",""closeTime"":""20:00"",""totalOpenHours"":10},{""calendarDate"":""2022-10-25"",""dayOfWeek"":""Tuesday"",""openTime"":""10:00"",""closeTime"":""20:00"",""totalOpenHours"":10},{""calendarDate"":""2022-10-26"",""dayOfWeek"":""Wednesday"",""openTime"":""10:00"",""closeTime"":""20:00"",""totalOpenHours"":10}]",861.22
770,"0770","Legacy Place Retail Store","Legacy Place","{""addressLine1"":""340 Legacy Place"",""city"":""Dedham"",""jurisdictionCode"":""MA"",""postalCode"":""02026""}","1-800-650-6358","{""latitude"":42.2323489,""longitude"":-71.1789134}","America/New_York","Retail",true,true,true,"Legacy Place","[{""calendarDate"":""2022-10-20"",""dayOfWeek"":""Thursday"",""openTime"":""10:00"",""closeTime"":""20:00"",""totalOpenHours"":10},{""calendarDate"":""2022-10-21"",""dayOfWeek"":""Friday"",""openTime"":""10:00"",""closeTime"":""21:00"",""totalOpenHours"":11},{""calendarDate"":""2022-10-22"",""dayOfWeek"":""Saturday"",""openTime"":""10:00"",""closeTime"":""21:00"",""totalOpenHours"":11},{""calendarDate"":""2022-10-23"",""dayOfWeek"":""Sunday"",""openTime"":""11:00"",""closeTime"":""18:00"",""totalOpenHours"":7},{""calendarDate"":""2022-10-24"",""dayOfWeek"":""Monday"",""openTime"":""10:00"",""closeTime"":""20:00"",""totalOpenHours"":10},{""calendarDate"":""2022-10-25"",""dayOfWeek"":""Tuesday"",""openTime"":""10:00"",""closeTime"":""20:00"",""totalOpenHours"":10},{""calendarDate"":""2022-10-26"",""dayOfWeek"":""Wednesday"",""openTime"":""10:00"",""closeTime"":""20:00"",""totalOpenHours"":10}]",865.14
550,"0550","Mansfield Retail Store","Mansfield Crossing","{""addressLine1"":""280 School Street"",""city"":""Mansfield"",""jurisdictionCode"":""MA"",""postalCode"":""02048""}","1-888-552-5547","{""latitude"":42.012716,""longitude"":-71.230951}","America/New_York","Retail",true,true,true,"Mansfield Crossing","[{""calendarDate"":""2022-10-20"",""dayOfWeek"":""Thursday"",""openTime"":""10:00"",""closeTime"":""20:00"",""totalOpenHours"":10},{""calendarDate"":""2022-10-21"",""dayOfWeek"":""Friday"",""openTime"":""10:00"",""closeTime"":""20:00"",""totalOpenHours"":10},{""calendarDate"":""2022-10-22"",""dayOfWeek"":""Saturday"",""openTime"":""10:00"",""closeTime"":""20:00"",""totalOpenHours"":10},{""calendarDate"":""2022-10-23"",""dayOfWeek"":""Sunday"",""openTime"":""10:00"",""closeTime"":""18:00"",""totalOpenHours"":8},{""calendarDate"":""2022-10-24"",""dayOfWeek"":""Monday"",""openTime"":""10:00"",""closeTime"":""20:00"",""totalOpenHours"":10},{""calendarDate"":""2022-10-25"",""dayOfWeek"":""Tuesday"",""openTime"":""10:00"",""closeTime"":""20:00"",""totalOpenHours"":10},{""calendarDate"":""2022-10-26"",""dayOfWeek"":""Wednesday"",""openTime"":""10:00"",""closeTime"":""20:00"",""totalOpenHours"":10}]",865.6
1380,"1380","Seaport Retail Store","One Seaport","{""addressLine1"":""56 Seaport Blvd."",""city"":""Boston"",""jurisdictionCode"":""MA"",""postalCode"":""02210""}","1-888-660-1572","{""latitude"":42.35308874,""longitude"":-71.0476676}","America/New_York","Retail",true,true,false,"One Seaport","[{""calendarDate"":""2022-10-20"",""dayOfWeek"":""Thursday"",""openTime"":""10:00"",""closeTime"":""20:00"",""totalOpenHours"":10},{""calendarDate"":""2022-10-21"",""dayOfWeek"":""Friday"",""openTime"":""10:00"",""closeTime"":""20:00"",""totalOpenHours"":10},{""calendarDate"":""2022-10-22"",""dayOfWeek"":""Saturday"",""openTime"":""10:00"",""closeTime"":""20:00"",""totalOpenHours"":10},{""calendarDate"":""2022-10-23"",""dayOfWeek"":""Sunday"",""openTime"":""11:00"",""closeTime"":""18:00"",""totalOpenHours"":7},{""calendarDate"":""2022-10-24"",""dayOfWeek"":""Monday"",""openTime"":""10:00"",""closeTime"":""20:00"",""totalOpenHours"":10},{""calendarDate"":""2022-10-25"",""dayOfWeek"":""Tuesday"",""openTime"":""10:00"",""closeTime"":""20:00"",""totalOpenHours"":10},{""calendarDate"":""2022-10-26"",""dayOfWeek"":""Wednesday"",""openTime"":""10:00"",""closeTime"":""20:00"",""totalOpenHours"":10}]",870.15
1020,"1020","Lafayette Outlet Store","Lafayette Crossing","{""addressLine1"":""35 Lafayette Road"",""city"":""North Hampton"",""jurisdictionCode"":""NH"",""postalCode"":""03862""}","1-888-615-9965","{""latitude"":42.968557,""longitude"":-70.8351061}","America/New_York","Outlet",false,false,false,"Lafayette Crossing","[{""calendarDate"":""2022-10-20"",""dayOfWeek"":""Thursday"",""openTime"":""10:00"",""closeTime"":""20:00"",""totalOpenHours"":10},{""calendarDate"":""2022-10-21"",""dayOfWeek"":""Friday"",""openTime"":""10:00"",""closeTime"":""20:00"",""totalOpenHours"":10},{""calendarDate"":""2022-10-22"",""dayOfWeek"":""Saturday"",""openTime"":""10:00"",""closeTime"":""20:00"",""totalOpenHours"":10},{""calendarDate"":""2022-10-23"",""dayOfWeek"":""Sunday"",""openTime"":""10:00"",""closeTime"":""18:00"",""totalOpenHours"":8},{""calendarDate"":""2022-10-24"",""dayOfWeek"":""Monday"",""openTime"":""10:00"",""closeTime"":""20:00"",""totalOpenHours"":10},{""calendarDate"":""2022-10-25"",""dayOfWeek"":""Tuesday"",""openTime"":""10:00"",""closeTime"":""20:00"",""totalOpenHours"":10},{""calendarDate"":""2022-10-26"",""dayOfWeek"":""Wednesday"",""openTime"":""10:00"",""closeTime"":""20:00"",""totalOpenHours"":10}]",873.91
730,"0730","Wareham Outlet Store","Wareham Crossing Mall","{""addressLine1"":""2421 Cranberry Hwy. Rt. 28"",""city"":""Wareham"",""jurisdictionCode"":""MA"",""postalCode"":""02571""}","1-508-291-0915","{""latitude"":41.7741903,""longitude"":-70.7420536}","America/New_York","Outlet",false,false,false,"Wareham Crossing Mall","[{""calendarDate"":""2022-10-20"",""dayOfWeek"":""Thursday"",""openTime"":""10:00"",""closeTime"":""20:00"",""totalOpenHours"":10},{""calendarDate"":""2022-10-21"",""dayOfWeek"":""Friday"",""openTime"":""10:00"",""closeTime"":""20:00"",""totalOpenHours"":10},{""calendarDate"":""2022-10-22"",""dayOfWeek"":""Saturday"",""openTime"":""10:00"",""closeTime"":""20:00"",""totalOpenHours"":10},{""calendarDate"":""2022-10-23"",""dayOfWeek"":""Sunday"",""openTime"":""10:00"",""closeTime"":""18:00"",""totalOpenHours"":8},{""calendarDate"":""2022-10-24"",""dayOfWeek"":""Monday"",""openTime"":""10:00"",""closeTime"":""20:00"",""totalOpenHours"":10},{""calendarDate"":""2022-10-25"",""dayOfWeek"":""Tuesday"",""openTime"":""10:00"",""closeTime"":""20:00"",""totalOpenHours"":10},{""calendarDate"":""2022-10-26"",""dayOfWeek"":""Wednesday"",""openTime"":""10:00"",""closeTime"":""20:00"",""totalOpenHours"":10}]",893.79
840,"0840","Park Meadows Retail Store","Park Meadows","{""addressLine1"":""8525 Park Meadows Center Drive"",""city"":""Lone Tree"",""jurisdictionCode"":""CO"",""postalCode"":""80124""}","1-888-615-9975","{""latitude"":39.56268068,""longitude"":-104.8754093}","America/Denver","Retail",true,true,true,"Park Meadows","[{""calendarDate"":""2022-10-20"",""dayOfWeek"":""Thursday"",""openTime"":""10:00"",""closeTime"":""20:00"",""totalOpenHours"":10},{""calendarDate"":""2022-10-21"",""dayOfWeek"":""Friday"",""openTime"":""10:00"",""closeTime"":""20:00"",""totalOpenHours"":10},{""calendarDate"":""2022-10-22"",""dayOfWeek"":""Saturday"",""openTime"":""10:00"",""closeTime"":""20:00"",""totalOpenHours"":10},{""calendarDate"":""2022-10-23"",""dayOfWeek"":""Sunday"",""openTime"":""11:00"",""closeTime"":""18:00"",""totalOpenHours"":7},{""calendarDate"":""2022-10-24"",""dayOfWeek"":""Monday"",""openTime"":""10:00"",""closeTime"":""20:00"",""totalOpenHours"":10},{""calendarDate"":""2022-10-25"",""dayOfWeek"":""Tuesday"",""openTime"":""10:00"",""closeTime"":""20:00"",""totalOpenHours"":10},{""calendarDate"":""2022-10-26"",""dayOfWeek"":""Wednesday"",""openTime"":""10:00"",""closeTime"":""20:00"",""totalOpenHours"":10}]",903.18
860,"0860","Home Store","L.L.Bean Flagship Campus","{""addressLine1"":""12 Nathan Nye Street"",""city"":""Freeport"",""jurisdictionCode"":""ME"",""postalCode"":""04032""}","1-877-755-2326","{""latitude"":43.857218,""longitude"":-70.104677}","America/New_York","Retail",true,true,true,"Home Store","[{""calendarDate"":""2022-10-20"",""dayOfWeek"":""Thursday"",""openTime"":""07:00"",""closeTime"":""22:00"",""totalOpenHours"":15},{""calendarDate"":""2022-10-21"",""dayOfWeek"":""Friday"",""openTime"":""07:00"",""closeTime"":""22:00"",""totalOpenHours"":15},{""calendarDate"":""2022-10-22"",""dayOfWeek"":""Saturday"",""openTime"":""07:00"",""closeTime"":""22:00"",""totalOpenHours"":15},{""calendarDate"":""2022-10-23"",""dayOfWeek"":""Sunday"",""openTime"":""07:00"",""closeTime"":""22:00"",""totalOpenHours"":15},{""calendarDate"":""2022-10-24"",""dayOfWeek"":""Monday"",""openTime"":""07:00"",""closeTime"":""22:00"",""totalOpenHours"":15},{""calendarDate"":""2022-10-25"",""dayOfWeek"":""Tuesday"",""openTime"":""07:00"",""closeTime"":""22:00"",""totalOpenHours"":15},{""calendarDate"":""2022-10-26"",""dayOfWeek"":""Wednesday"",""openTime"":""07:00"",""closeTime"":""22:00"",""totalOpenHours"":15}]",903.8
520,"0520","Bike, Boat, & Ski Store","L.L.Bean Flagship Campus","{""addressLine1"":""57 Main Street"",""city"":""Freeport"",""jurisdictionCode"":""ME"",""postalCode"":""04032""}","1-877-755-2326","{""latitude"":43.85702,""longitude"":-70.103687}","America/New_York","Retail",true,true,true,"Bike, Boat, & Ski Store","[{""calendarDate"":""2022-10-20"",""dayOfWeek"":""Thursday"",""openTime"":""07:00"",""closeTime"":""22:00"",""totalOpenHours"":15},{""calendarDate"":""2022-10-21"",""dayOfWeek"":""Friday"",""openTime"":""07:00"",""closeTime"":""22:00"",""totalOpenHours"":15},{""calendarDate"":""2022-10-22"",""dayOfWeek"":""Saturday"",""openTime"":""07:00"",""closeTime"":""22:00"",""totalOpenHours"":15},{""calendarDate"":""2022-10-23"",""dayOfWeek"":""Sunday"",""openTime"":""07:00"",""closeTime"":""22:00"",""totalOpenHours"":15},{""calendarDate"":""2022-10-24"",""dayOfWeek"":""Monday"",""openTime"":""07:00"",""closeTime"":""22:00"",""totalOpenHours"":15},{""calendarDate"":""2022-10-25"",""dayOfWeek"":""Tuesday"",""openTime"":""07:00"",""closeTime"":""22:00"",""totalOpenHours"":15},{""calendarDate"":""2022-10-26"",""dayOfWeek"":""Wednesday"",""openTime"":""07:00"",""closeTime"":""22:00"",""totalOpenHours"":15}]",903.85
40,"0040","Flagship Retail Store","L.L.Bean Flagship Campus","{""addressLine1"":""95 Main Street"",""city"":""Freeport"",""jurisdictionCode"":""ME"",""postalCode"":""04032""}","1-877-755-2326","{""latitude"":43.857865,""longitude"":-70.103352}","America/New_York","Retail",true,true,true,"Flagship Retail Store","[{""calendarDate"":""2022-10-20"",""dayOfWeek"":""Thursday"",""openTime"":""00:00"",""closeTime"":""00:00"",""totalOpenHours"":24},{""calendarDate"":""2022-10-21"",""dayOfWeek"":""Friday"",""openTime"":""00:00"",""closeTime"":""00:00"",""totalOpenHours"":24},{""calendarDate"":""2022-10-22"",""dayOfWeek"":""Saturday"",""openTime"":""00:00"",""closeTime"":""00:00"",""totalOpenHours"":24},{""calendarDate"":""2022-10-23"",""dayOfWeek"":""Sunday"",""openTime"":""00:00"",""closeTime"":""00:00"",""totalOpenHours"":24},{""calendarDate"":""2022-10-24"",""dayOfWeek"":""Monday"",""openTime"":""00:00"",""closeTime"":""00:00"",""totalOpenHours"":24},{""calendarDate"":""2022-10-25"",""dayOfWeek"":""Tuesday"",""openTime"":""00:00"",""closeTime"":""00:00"",""totalOpenHours"":24},{""calendarDate"":""2022-10-26"",""dayOfWeek"":""Wednesday"",""openTime"":""00:00"",""closeTime"":""00:00"",""totalOpenHours"":24}]",903.86
80,"0080","Freeport Outlet Store","Village Station","{""addressLine1"":""1 Freeport Village Station"",""city"":""Freeport"",""jurisdictionCode"":""ME"",""postalCode"":""04032""}","1-207-552-7772","{""latitude"":43.8558189,""longitude"":-70.102834}","America/New_York","Outlet",false,false,false,"Village Station","[{""calendarDate"":""2022-10-20"",""dayOfWeek"":""Thursday"",""openTime"":""09:00"",""closeTime"":""21:00"",""totalOpenHours"":12},{""calendarDate"":""2022-10-21"",""dayOfWeek"":""Friday"",""openTime"":""09:00"",""closeTime"":""21:00"",""totalOpenHours"":12},{""calendarDate"":""2022-10-22"",""dayOfWeek"":""Saturday"",""openTime"":""09:00"",""closeTime"":""21:00"",""totalOpenHours"":12},{""calendarDate"":""2022-10-23"",""dayOfWeek"":""Sunday"",""openTime"":""09:00"",""closeTime"":""21:00"",""totalOpenHours"":12},{""calendarDate"":""2022-10-24"",""dayOfWeek"":""Monday"",""openTime"":""09:00"",""closeTime"":""21:00"",""totalOpenHours"":12},{""calendarDate"":""2022-10-25"",""dayOfWeek"":""Tuesday"",""openTime"":""09:00"",""closeTime"":""21:00"",""totalOpenHours"":12},{""calendarDate"":""2022-10-26"",""dayOfWeek"":""Wednesday"",""openTime"":""09:00"",""closeTime"":""21:00"",""totalOpenHours"":12}]",903.89
1280,"1280","Mashpee Retail Store","Mashpee Commons","{""addressLine1"":""7 Market Street"",""city"":""Mashpee"",""jurisdictionCode"":""MA"",""postalCode"":""02649""}","1-888-660-1568","{""latitude"":41.61741,""longitude"":-70.490694}","America/New_York","Retail",true,true,true,"Mashpee Commons","[{""calendarDate"":""2022-10-20"",""dayOfWeek"":""Thursday"",""openTime"":""10:00"",""closeTime"":""18:00"",""totalOpenHours"":8},{""calendarDate"":""2022-10-21"",""dayOfWeek"":""Friday"",""openTime"":""10:00"",""closeTime"":""18:00"",""totalOpenHours"":8},{""calendarDate"":""2022-10-22"",""dayOfWeek"":""Saturday"",""openTime"":""10:00"",""closeTime"":""18:00"",""totalOpenHours"":8},{""calendarDate"":""2022-10-23"",""dayOfWeek"":""Sunday"",""openTime"":""10:00"",""closeTime"":""17:00"",""totalOpenHours"":7},{""calendarDate"":""2022-10-24"",""dayOfWeek"":""Monday"",""openTime"":""10:00"",""closeTime"":""18:00"",""totalOpenHours"":8},{""calendarDate"":""2022-10-25"",""dayOfWeek"":""Tuesday"",""openTime"":""10:00"",""closeTime"":""18:00"",""totalOpenHours"":8},{""calendarDate"":""2022-10-26"",""dayOfWeek"":""Wednesday"",""openTime"":""10:00"",""closeTime"":""18:00"",""totalOpenHours"":8}]",908.94
720,"0720","Bangor Outlet Store","Parkade Shopping Center","{""addressLine1"":""534 Stillwater Avenue"",""city"":""Bangor"",""jurisdictionCode"":""ME"",""postalCode"":""04401""}","1-207-942-0146","{""latitude"":44.83021546,""longitude"":-68.75609453}","America/New_York","Outlet",false,false,false,"Parkade Shopping Center","[{""calendarDate"":""2022-10-20"",""dayOfWeek"":""Thursday"",""openTime"":""09:00"",""closeTime"":""20:00"",""totalOpenHours"":11},{""calendarDate"":""2022-10-21"",""dayOfWeek"":""Friday"",""openTime"":""09:00"",""closeTime"":""20:00"",""totalOpenHours"":11},{""calendarDate"":""2022-10-22"",""dayOfWeek"":""Saturday"",""openTime"":""09:00"",""closeTime"":""20:00"",""totalOpenHours"":11},{""calendarDate"":""2022-10-23"",""dayOfWeek"":""Sunday"",""openTime"":""09:00"",""closeTime"":""20:00"",""totalOpenHours"":11},{""calendarDate"":""2022-10-24"",""dayOfWeek"":""Monday"",""openTime"":""09:00"",""closeTime"":""20:00"",""totalOpenHours"":11},{""calendarDate"":""2022-10-25"",""dayOfWeek"":""Tuesday"",""openTime"":""09:00"",""closeTime"":""20:00"",""totalOpenHours"":11},{""calendarDate"":""2022-10-26"",""dayOfWeek"":""Wednesday"",""openTime"":""09:00"",""closeTime"":""20:00"",""totalOpenHours"":11}]",967.27
90,"0090","Ellsworth Outlet Store",,"{""addressLine1"":""150 High Street"",""city"":""Ellsworth"",""jurisdictionCode"":""ME"",""postalCode"":""04605""}","1-207-667-7753","{""latitude"":44.53709477,""longitude"":-68.41199381}","America/New_York","Outlet",false,false,false,"Ellsworth Outlet Store","[{""calendarDate"":""2022-10-20"",""dayOfWeek"":""Thursday"",""openTime"":""09:00"",""closeTime"":""20:00"",""totalOpenHours"":11},{""calendarDate"":""2022-10-21"",""dayOfWeek"":""Friday"",""openTime"":""09:00"",""closeTime"":""20:00"",""totalOpenHours"":11},{""calendarDate"":""2022-10-22"",""dayOfWeek"":""Saturday"",""openTime"":""09:00"",""closeTime"":""20:00"",""totalOpenHours"":11},{""calendarDate"":""2022-10-23"",""dayOfWeek"":""Sunday"",""openTime"":""09:00"",""closeTime"":""20:00"",""totalOpenHours"":11},{""calendarDate"":""2022-10-24"",""dayOfWeek"":""Monday"",""openTime"":""09:00"",""closeTime"":""20:00"",""totalOpenHours"":11},{""calendarDate"":""2022-10-25"",""dayOfWeek"":""Tuesday"",""openTime"":""09:00"",""closeTime"":""20:00"",""totalOpenHours"":11},{""calendarDate"":""2022-10-26"",""dayOfWeek"":""Wednesday"",""openTime"":""09:00"",""closeTime"":""20:00"",""totalOpenHours"":11}]",984.82
1270,"1270","Park City Retail Store","The Kimball On Main","{""addressLine1"":""675 Main Street"",""city"":""Park City"",""jurisdictionCode"":""UT"",""postalCode"":""84060""}","1-888-292-3915","{""latitude"":40.64645604,""longitude"":-111.4976155}","America/Denver","Retail",false,false,false,"The Kimball On Main","[]",1208.89